class_name,question,id
CANCEL,I want assistance checking the early termination fees,3493
ACCOUNT,I do not know how to report issues with registrations,21472
PAYMENT,where to check what payment options are accepted?,5598
SUBSCRIPTION,can you help me unsubscribing to your corporate newsletter?,17202
ACCOUNT,problems with platinum account deletions,11458
ACCOUNT,edit data on freemium account,14064
PAYMENT,can you help me notifying of a trouble with online payments?,18278
PAYMENT,"my card was declined, can I report problems with payments?",18002
INVOICE,i do not know how to download the damn bills from {{Person Name}},15283
REFUND,assistance seeing if there are any news on my reimbursement,26812
DELIVERY,I need to see how soon can I expect my shipment,13411
INVOICE,I have got to look for my fucking invoices from {{Person Name}},4155
DELIVERY,can ya hepl me see when will my item arrive,13435
REFUND,would it be possible to obtain damn compensations of money,16522
SHIPPING,howq can i set up the secondary delivery address,23527
INVOICE,see the bill from {{Person Name}},4042
ORDER,assistance to cancel purchased {{Order Number}},576
REFUND,I need to check how long the goddamn reimbursements take,6310
DELIVERY,I'mlooking for shipping period can uhelp me find them,13289
FEEDBACK,can you help me write a comment about your products?,22277
ORDER,order  {{Order Number}} status,25459
DELIVERY,od ya deliver to {{Delivery Country}},12116
FEEDBACK,i call to write a comment for ur products,22750
ORDER,want assistance cancelling purchase {{Order Number}},544
SHIPPING,can i submit my new delivery address,23131
REFUND,could I check in what cases can I request reimbursements?,6886
ORDER,where could I cancel purchase {{Order Number}}?,811
CANCEL,help checking theearly exit charge,3880
CONTACT,want help to see at what time i can call customer support,8042
SHIPPING,can you help me to set up a different delivery address?,23213
FEEDBACK,i want assistance to send feedback for ur company,22613
CANCEL,assistance to check the early exit penalty,3046
INVOICE,i need help to look for the bill #12588,3983
DELIVERY,do uship to {{Delivery City}},12475
PAYMENT,I am trying to list your payment modalities,5301
REFUND,can I check your refund policy?,6350
CONTACT,I want somebody,9144
ORDER,I have got to track purchase {{Order Number}},25079
REFUND,reimburse {{Refund Amount}} dollar,16189
CONTACT,i want assistance talking with somebody,9095
FEEDBACK,can you help me submit feedback for a product?,22348
CONTACT,ya have a free number to talk with customer service,8256
REFUND,I'm trying to obtain a rebat of money,16075
FEEDBACK,wanna oldge a claim against ur company will uhelp me,7282
DELIVERY,can you help me to check what shipment options are there?,12327
CANCEL,I wanmt assistance checking the cancellation penalty,3104
PAYMENT,i have got to see the accepted payment options,5726
INVOICE,send me my bill from {{Person Name}},15097
DELIVERY,I have to see how soon can I expect my article,13786
DELIVERY,I need assistance checking how soon can I expect my product,13262
DELIVERY,how to see the methods for delivery,12186
SUBSCRIPTION,need help cancelling my subscription to ur newsletter,17655
CONTACT,can you help me contact a human agent?,9261
PAYMENT,i want assistance to list ur available payment modalities,5628
INVOICE,i have got to get my invoice #12588 can i get some help,15531
SHIPPING,"my address has changed, I need help modifying it",2710
ACCOUNT,update {{Account Type}} account,13974
INVOICE,i need assistance to get the invoice #85632,15430
SHIPPING,I have troubles editing my address,2797
INVOICE,I want to download my invoice from {{Person Name}},14952
CONTACT,how can I talk with a human agent?,9202
INVOICE,I call to download my bill from {{Person Name}},15351
CONTACT,uhave a mail address to get in touch with customer support,8399
CONTACT,I do not kinow how to contact a person,9232
DELIVERY,what do I need to do to check the fucking shipment methods?,12212
SHIPPING,is it possible to enter another shipping address,23170
DELIVERY,I do not know how I can see what shipment methods you offer,12014
SUBSCRIPTION,i have got to unsubscrikbe from ur newsletter,17241
REFUND,i dont know what i need to do to obtain a rebate of my money,16879
CONTACT,can ya direct to me a live agent,9713
ORDER,need to eddit order {{Order Number}},1793
SHIPPING,there is an error trying to edit the shipping address,2902
ACCOUNT,I don't know what I need to do to change to the {{Account Type}} account,24144
INVOICE,I don't know what I need to do to look forthe invoice #12588,4663
REFUND,"I have to see in which cases can I ask for refunds, help me",6333
FEEDBACK,I need help making a reclamation,7421
PAYMENT,tell available payment modalities,5403
DELIVERY,I am calling to see what shipment methods are there,12419
CONTACT,do uhave a toll-free customer assistance phone number,8184
CONTACT,I do not know what I need to do to talk with a person,9858
CONTACT,i have to contact an agent,9541
ORDER,assistance to see the status of order {{Order Number}},24901
ORDER,need to change several proucts of order {{Order Number}},1178
ORDER,add an item to order {{Order Number}},1272
ORDER,what do I need to do to track order {{Order Number}}?,25052
INVOICE,where can I check the bill #85632?,4452
ACCOUNT,how do I change to the standard account?,24853
SUBSCRIPTION,need to receive the newsletter,17545
CANCEL,are there early termination fees?,3500
PAYMENT,assistance seeing ur available payment options,4987
INVOICE,help me checking my bill from {{Person Name}},4130
SUBSCRIPTION,I need assistance to unsubscribe to the corporate newsletter,17402
CANCEL,is it possible to check the bloody early exit fee?,3136
INVOICE,"I have to get the goddamn bill from {{Person Name}}, help me",15464
SHIPPING,i dont know what to do to set up my shipping address,23367
REFUND,I need help seeing in which cases can I ask to be reimbursed,6388
REFUND,i dont know how to check the current status of my rebate,26215
FEEDBACK,need help to make a complaint against ur company,7161
DELIVERY,I need assistance to see what shipment options you offer,12808
REFUND,i try to see in which situations can i ask for refunds,6374
CANCEL,"I have to see the withdrawal penalties, help me",3624
INVOICE,can you help me downloading invoice #12588?,15171
REFUND,can ushow me in which situations can i ask for refunds,6786
REFUND,I am waiting for a restitution of {{Refund Amount}} dollars,26311
REFUND,help to check the compensation current status,26855
SHIPPING,I'm trying to set up another shipping address,23396
PAYMENT,I want help to list the allowed payment options,5334
SUBSCRIPTION,help to sign up to your company newsleyter,17494
ORDER,order a few of your article,19539
CANCEL,where  do i check the withdrawal penalties,3178
INVOICE,I don't know how I could give a quick look at invoice #00108,4027
CANCEL,how can i see the early termination penalties,3509
ORDER,where do i check the ETA of purchase {{Order Number}},25861
REFUND,i have got to see in which situations can i request a refund,6861
INVOICE,download bill #12588,15896
DELIVERY,is it possible to place an order from {{Delivery City}} ?,12271
REFUND,how to see the status of my restitution?,26473
PAYMENT,I don't know what I have to do to report payment problems,18502
INVOICE,I do not know what I have to do to download the bill #85632,15884
FEEDBACK,do you have a way to send feedback for a service?,21914
PAYMENT,can ya help me to see ur allowed payment methods,5345
SHIPPING,i have sisues setting up my secondary shipping address,23692
CONTACT,do ya have an e-mail address to contact customer support,8168
FEEDBACK,can you help me sending my feedback for your services?,22266
PAYMENT,I don't know how to list your allowed payment methods,5703
ACCOUNT,open a {{Account Type}} acount for my dad,10447
PAYMENT,I want assistance seeing your bloody payment options,5689
SUBSCRIPTION,"I have to subscribe to the newsletter, how do I do it?",17337
DELIVERY,do you ship to {{Delivery City}}?,11975
SHIPPING,how to update the shipping address?,2191
SHIPPING,help correcting my address,2292
INVOICE,I don't know what to do to get my bills from {{Person Name}},15829
ACCOUNT,i do not know what i need to do to restore my pin code,19895
REFUND,i have to see ur refund policy will ya herlp me,6673
CANCEL,"I can't find the early termination penalties, help me",3034
ACCOUNT,where can i fiond information about a pro account removal,11096
REFUND,I am waiting for a compensation of {{Refund Amount}} dollars,26320
ACCOUNT,where can i report a sign-up issue,21537
ACCOUNT,editing freemium  account,14758
CONTACT,I try to see at what time I can reach customer support,8818
CANCEL,i want assistance to see the earlly termination fee,3873
SUBSCRIPTION,need help to cancel the company newslette subscription,17818
INVOICE,help me download the invoice #12588,15192
CONTACT,I need to speak with a human agent,9031
FEEDBACK,do you have an e-mail to submit an opinion about a product?,22062
DELIVERY,help to see what shipping options you offer,12266
SUBSCRIPTION,I am trying to receive your corporate newsletter,17869
FEEDBACK,is it possible to leave feedback about ur products,21992
DELIVERY,I want assistance to see how soon can I expect my purchase,13149
PAYMENT,could you help menotifying of troubles with online payment?,18359
CONTACT,help me to check what hours i can call customerr service,7983
CONTACT,I am trying to see what hours customer service available is,8779
ORDER,need help removing several items from order {{Order Number}},1402
SHIPPING,"my bloody delivery address changed, can I update it?",2356
INVOICE,I do not know how I could get bill #12588,15369
INVOICE,what do i have to do to check my invoice from {{Person Name}},4260
CONTACT,I do not know what I have to do to contact an assistant,9911
CONTACT,"I have to talk to customer service, how do I do it?",8624
CONTACT,could i get in touchwith customer service,8325
CANCEL,can ya help me seeing the terminatio penalties,3233
INVOICE,help to check my invoice #12588,4432
DELIVERY,do you deliver to {{Delivery City}}?,12661
CONTACT,i want help speaking to customer support,8448
REFUND,assistance to receive a compensation,16640
DELIVERY,can ya show me when my purchase is gonna arrive,12992
DELIVERY,shipmetns to {{Delivery City}},12431
ORDER,I'm rtying to cancel order {{Order Number}},676
PAYMENT,what do i have to do to report a bloody issue with payments,18326
ACCOUNT,I need to recover my profile password,20015
DELIVERY,I don't know what to do to check when will my parcel arrive,13121
DELIVERY,do you deliver to {{Delivery Country}}?,12272
INVOICE,i do not know what i have to do to get my invoice #85632,15763
ORDER,want help cancelling purchase {{Order Number}},929
REFUND,i dont know how to see ur money back policy,6529
ORDER,can ya help me cancel purchase {{Order Number}},657
CANCEL,where do I check the termination fees?,3373
REFUND,rebate  {{Currency Symbol}}{{Refund Amount}},16772
FEEDBACK,I'm trying to submit some feedback about a service,22358
CONTACT,I want to talk to customer service,8219
INVOICE,I need help locating my invoices from {{Person Name}},4623
REFUND,I do not know how I can request refunds of money,16154
PAYMENT,want assistance notifying of payment issues,18584
FEEDBACK,need to leave feedback for a product,22685
CANCEL,i do not know what i need to do to check the termination fee,3829
PAYMENT,help me listing the available payment options,5027
PAYMENT,I need assistamce to inform of a payment issue,18446
SUBSCRIPTION,I want help receoving the newsletter,17635
FEEDBACK,I want assistance lodging a reclamation,7034
SUBSCRIPTION,help me unsubscribe from ur corporate newsletter,17517
ORDER,checking purchase {{Order Number}} current status,25107
ACCOUNT,wanna  use the {{Account Type}} profile help me,24683
CONTACT,"I don't want to chat with a bot, transfer to me someone",9106
DELIVERY,I need to check how long it takes for the delivery to arrive,13668
INVOICE,need help getting the invoices from {{Person Name}},14903
CANCEL,"I have to check the early exit fees, can you help me?",3896
PAYMENT,I want assistance to notify of troubles with payments,18182
CANCEL,help me to check the withdrawal penalties,3421
REFUND,how long till i get a compensation of mnoney,16837
DELIVERY,can i place a damn order from {{Delivery Country}},12487
CONTACT,can I check what hours I can reach customer support?,8618
SUBSCRIPTION,can uhelp me to unsubscribe to ur corporate newsetter,17247
ACCOUNT,close {{Account Category}} account,11806
FEEDBACK,i dont know what to do to write a comment about a product,22639
PAYMENT,I want assistance reporting a prbolem with payment,18624
ORDER,where do i check the status of order {{Order Number}},25130
ORDER,I want assistance checking the ETA of purchase {{Order Number}},25554
SUBSCRIPTION,I am trying to sign up to your newsletter,17632
CONTACT,help me calling customer service,8049
REFUND,how to check if there is anything wrong with my rebate?,26290
INVOICE,need help downloading my invoices from {{Person Name}},15173
CONTACT,do you have a mail to get in touch with customer assistance?,8484
CANCEL,seeing withdrawal penalty,3183
INVOICE,can i get the bill #12588,15442
INVOICE,how to download the bills from {{Person Name}}?,15045
ORDER,can you help me canceling purchase {{Order Number}}?,809
SHIPPING,help me entering a secondary delivery address,22970
PAYMENT,I don't know what I need to do to report a payment problem,18274
REFUND,i dont know what i need to do to see ur reimbursement policy,6567
PAYMENT,"I cannot make a transfer, notify of payment issues",18650
PAYMENT,i do not know how to check the allowed payment modalities,5823
INVOICE,help looking for the bill #00108,4338
INVOICE,I don't know what I need to do to get the bill #37777,15157
SUBSCRIPTION,I need help subscribing to your corporate newsletter,17226
CONTACT,anybody available in customer support,7984
DELIVERY,where can i find information about the delivery periods,13575
DELIVERY,help me checking what shipping methods you offer,12388
REFUND,i dont know how i can receive a reimbursement,16014
PAYMENT,where can I report problems with payments?,17899
CANCEL,can ya help me checking the cancellation charges,3280
DELIVERY,what shipping methods do I have?,12820
SHIPPING,problem setting up a secondary delivery address,23231
FEEDBACK,I call to lodge a customer complaint against your company,7800
CONTACT,I have to speak with a person,9161
SHIPPING,tell me more about correcting the delivery address,2270
CANCEL,help to see the withdrawal fee,2991
DELIVERY,help me checking what delivery methods I have,12138
SUBSCRIPTION,i try to cancel the subscription to ur company newsletter,17214
FEEDBACK,i wabt assistance to send my feedback for a service,22527
PAYMENT,I need help listing your payment modalities,5648
ORDER,what is purchase {{Order Number}} status,25850
CONTACT,can yahelp me contacting customer support,8023
INVOICE,i do not know how i can download my invoice #00108,15235
SHIPPING,i dont know what i need to do to correct theaddress,2473
SHIPPING,I do not know how to submit the new shipping address,22977
INVOICE,I have got to get my bill from {{Person Name}},15617
SHIPPING,why I cannot submit the delivery address valid,23160
REFUND,i try to see how long reimbursements take,6423
INVOICE,I call to get my bill #37777,15889
SHIPPING,help entering the delivery address,22982
CONTACT,i need help seeing what hours i csn call customer service,8673
SHIPPING,is it possible to set a different shipping address up?,23400
ORDER,want help to acquire several of your product,19028
FEEDBACK,help to write a review about a product,22228
INVOICE,i need assistance to give a quick look at the invoice #37777,4270
ORDER,can you help me remove something from purchase {{Order Number}}?,1487
CONTACT,help to speak with customer support,8151
ORDER,cancelling order {{Order Number}},205
SHIPPING,help to submit a secondary delivery address,23475
ORDER,I don't know how I can order a few of your article,19273
FEEDBACK,i want help to leave a comment about ur services,22157
SHIPPING,"I entered a wrong address, will you help me update it?",2095
REFUND,any news on the refund,26455
PAYMENT,see what payment methods are available,5725
FEEDBACK,leave review,22116
INVOICE,where do I download the invoices from {{Person Name}}?,15146
CONTACT,I'm trying to check what hours i can call customer support,8433
INVOICE,i dont knw what to do to see the bill from {{Person Name}},4880
ACCOUNT,i do not kow how i can create a {{Account Type}} account,10069
REFUND,help knowing if there is anything new on the restitution,25912
CONTACT,help speaking to customer service,8722
DELIVERY,"I want to see what shipment options I can choose, help me",12845
INVOICE,get ibll #12588,15507
REFUND,i do not know hoow i could check ur reimbursement policy,5917
DELIVERY,shipping to {{Delivery City}},12432
DELIVERY,can i order frlm {{Delivery City}},12729
SUBSCRIPTION,I want to unsubscribe from the newsletter,17408
CANCEL,I try to see the termination fee,3056
CANCEL,are there any cancellation charges?,3797
SUBSCRIPTION,help me subscribing to the newsletter,17719
ACCOUNT,I don't know what I haqve to do to close a pro account,11284
PAYMENT,want help reporting bloody troubles with payments,18298
CANCEL,I don't know what I have to do to see the termination fees,3792
REFUND,i have to see in which cases can i askfor my money back,6428
INVOICE,help me download my bills from {{Person Name}},15716
DELIVERY,where to see when my order is gonna arrive,13147
ACCOUNT,i want an different bloody premium account for my wife,10306
ACCOUNT,update inforemation on {{Account Category}} account,14648
INVOICE,what do i have to do to download my invoice #12588,15629
SHIPPING,"I submitted a wrong address by mistake, could I update it?",2937
DELIVERY,will you show me what shipping methods are available?,11954
INVOICE,I do not know how to get my invoices from {{Person Name}},15170
CONTACT,I am trying to check what hours I can reach customer support,8341
SUBSCRIPTION,is it possible to cancel my newsletter subscription?,17574
SHIPPING,there are issues setting a shipping address up,23801
DELIVERY,i want assistance to check how soon can i expect my item,12957
ACCOUNT,update data on {{Account Category}} account,13938
REFUND,when am I going to get a reimbursement?,15919
CONTACT,awnt assistance talking to an agent,8954
INVOICE,how do i get my bills rfom {{Person Name}},14926
SUBSCRIPTION,wanna know about cancelling the newsletter subscription,16920
ORDER,how can I cancel purchase {{Order Number}}?,568
DELIVERY,can i place an order frim {{Delivery Country}},12893
CANCEL,I do not know how to check the cancellation charge,3661
INVOICE,help me download my invoice #12588,15033
INVOICE,i call to get my invoice from {{Person Name}},15717
ORDER,I try to edit purchase {{Order Number}},1702
INVOICE,how can I give a quick look at my invoice #12588?,4822
CONTACT,need to speak to customersupport can ya help me,8763
SHIPPING,i need help setting up my new delivery address,23538
ORDER,edit ordr {{Order Number}},1846
ACCOUNT,problem with {{Account Type}} account terminations,11010
INVOICE,I need assistance to dfownload my invoice #37777,15382
ORDER,"I need to see purchase {{Order Number}} status, how to do it?",25613
PAYMENT,I do not know how I can list the goddamn payment methods,5841
ORDER,check order {{Order Number}} status,25384
CONTACT,is it possible to speakto a person?,9840
ACCOUNT,I am trying to report signup problems,20896
FEEDBACK,wanna file a consumer complaint aganst ur organization,7644
REFUND,can i check in which cases can i ask for refunds,6678
INVOICE,seebills from {{Person Name}},4502
ORDER,I don't know how I can earn several products,19453
REFUND,can you help me checking your reimbursement policy?,6353
REFUND,i try to see ur reimbursement policy,5980
FEEDBACK,i dont know what to do to fgile a consumer claim,7221
SHIPPING,I need assistance editing my delivery address,2388
INVOICE,i do not know how i acn look for the bills from {{Person Name}},4488
CANCEL,I do not know how to see the early termination charge,3494
FEEDBACK,can I send some feedback for a service?,22083
FEEDBACK,can you help me make a complaint against your company?,7256
ACCOUNT,update details on {{Account Type}} account,13941
ACCOUNT,how to change to the standard account?,24569
INVOICE,i want assistance downloading the bills from {{Person Name}},15888
REFUND,I am waiting for a restitution of {{Currency Symbol}}{{Refund Amount}},26283
DELIVERY,I want help to see how soon can I expect my product,13504
SHIPPING,can you help me to correct my address?,2760
FEEDBACK,i do ont know how to send fucking feedback for a service,22573
SUBSCRIPTION,how do i subscribe to the corporate newsletter,17344
REFUND,can you help me asking for rebates of my money?,16091
SUBSCRIPTION,help me signing up to the newsletter,17602
CANCEL,need help seeing the termination chaeges,3166
CONTACT,I don't know how I can speak with a goddamn person,9869
FEEDBACK,I'm extremely unhapp with ur services help to make a claim,7124
FEEDBACK,filing customer complaint against ur company,7837
REFUND,I try to see in what cases can I request refunds,6109
ACCOUNT,can uhelp me retrieving my account pin,20134
DELIVERY,do you ship to {{Delivery City}}?,12029
CANCEL,how can I check the withdrawal charges?,3637
FEEDBACK,assistance filing a customer claim against ur business,7532
SUBSCRIPTION,tell me about the subscription to the corporate newsletter,17437
ACCOUNT,I need assistance changing to the premium account,23977
ORDER,correct purchase {{Order Number}},1055
REFUND,can I check how long reimbursements usually take?,6120
SHIPPING,I have entered a wrong shipping address by mistae,2123
ORDER,help me adding several articles to purchase {{Order Number}},1714
ORDER,need  to check the eta of the purchase {{Order Number}} help me,25126
REFUND,can you help me get a restitution of my money?,16751
CANCEL,I do not know how I can see the cancellation fees,3035
SUBSCRIPTION,I want help to unsubscribe to your company newsletter,17848
CANCEL,want assistance to check the early exit fee,3331
SHIPPING,want assistance updating the address,2115
DELIVERY,can I place an order from {{Delivery Country}}?,12258
INVOICE,how can I get the bills from {{Person Name}}?,15177
ACCOUNT,another standard account,10323
FEEDBACK,want help to leave a review about a service,22031
CANCEL,what is the fee for cancelling the contract?,3325
DELIVERY,how soon can I expect my delivery?,13644
REFUND,when am i gonna obtain a reimbursement of money,16494
INVOICE,I do not know what I need to do to get the invoice #85632,15745
PAYMENT,how can i inform of an error with payment,18621
CANCEL,what is the early exit penalty,3044
ACCOUNT,create new {{Account Type}} account for daughter,9997
INVOICE,see the bill from {{Person Name}},4633
ACCOUNT,I cannot switch to the standard account,24816
SUBSCRIPTION,"I have to receive your newsletter, can you help me?",17730
SHIPPING,can you give me information about editing my address?,2024
CANCEL,i try to check the termination epnalties,3310
SHIPPING,problem submitting the shipping address,23301
CANCEL,I need to check the withdrawal charges,3626
SUBSCRIPTION,how to unsubsribe to the corporate newsletter,17130
INVOICE,check invoices from {{Person Name}},4726
CONTACT,i need assistance to talk with somelne,9021
CANCEL,where to check the termination fee?,3314
SHIPPING,need assistance trying to change the address,2448
SUBSCRIPTION,i have got to cancel the company newsletter subscription,17318
PAYMENT,how to see what payment methods are available,5473
ORDER,I need to correct purchase {{Order Number}},1731
INVOICE,find my bills from {{Person Name}},4403
ACCOUNT,what do i need to do to notiyf of problems with a signup,21806
SHIPPING,help me set my goddamn delivery address up,23026
ORDER,I don't know how to shop some of your item,19652
PAYMENT,can you help me to see your accepted payment modalities ?,4974
SUBSCRIPTION,help me cancelling my company newsletter subscription,17260
CONTACT,uarent helpful can i chat with somebody,9339
CANCEL,can you help me checking the cancellation fees?,3435
REFUND,assistance to see how long reimbursements usually take,6471
INVOICE,I want assistance locating my invoices from {{Person Name}},4157
FEEDBACK,do ya have an e-mail to send a review for a service,22872
SHIPPING,there is an issue setting up the secondary delivery address,23451
PAYMENT,I don't know how to inform of a trouble with payment,18065
SHIPPING,I have a trouble trying to change my delivery address,2130
ACCOUNT,i need assistance restoring the pass of my profile,20369
SUBSCRIPTION,I do not know how I can sign up to the corporate newsletter,17093
ORDER,i have to add some items to purchase {{Order Number}} help me,1726
CONTACT,I don't know how to get in touch with customer support,8706
ACCOUNT,problem with premium account terminations,11267
SUBSCRIPTION,wanna know more about my corporate newsletter subscription,16958
INVOICE,get invoice from {{Person Name}},15558
CANCEL,help checking the termmination fees,3498
ORDER,remove item from order {{Order Number}},1003
SUBSCRIPTION,how can I unsubscribe from your newsletter?,17817
PAYMENT,want assistance solving a payment issue,18798
PAYMENT,what do I have to do to notify of a damn payment problem?,18336
INVOICE,I do not know how to give a quick look at my bill #00108,3988
CONTACT,help talking with customer assistance,8644
INVOICE,i want help downloading the bill #85632,15131
CONTACT,can I check at what time I can call customer support?,8297
ACCOUNT,i have problems with creating a pro account,10238
REFUND,I have to see in what cases can I request a refund,5969
SUBSCRIPTION,I can't subscribe to the newsletter,17765
ORDER,deit purchase {{Order Number}},1309
SUBSCRIPTION,I have got to cancel my company damn newsletter subscription,17529
INVOICE,I want help to give a quick look at the invoice #85632,4499
CONTACT,how could I speak to an agent?,9669
INVOICE,i lost my invoices from {{Person Name}} could ufind it for me,4500
INVOICE,I don't know how to check my fucking invoices from {{Person Name}},4675
CANCEL,I need help to see the early exit penalties,2998
ACCOUNT,create {{Account Type}} account,10314
DELIVERY,is it plssible to order from {{Delivery Country}}?,12648
FEEDBACK,wanna file a custome complaint,7399
SUBSCRIPTION,I try to see the status of my newsletter subscription,17694
ORDER,i dont know how  to purchase several products,18993
SHIPPING,error modifying address,2793
ACCOUNT,i have to use the {{Account Category}} account,23955
ACCOUNT,i have problems with a forgotten password,20606
ACCOUNT,how do i create a freemium account,10080
CONTACT,i need help seeing what hours customer support available is,7963
SUBSCRIPTION,i do not know how i can  sign up to ur company newsletter,17793
ORDER,can ushow me order {{Order Number}} status,25427
CONTACT,do ya have an e-mail to contact customer support,8013
FEEDBACK,"I am very unhappy with your service, I try to lodge a claim",7336
SHIPPING,there is an error setting the new delivery address up,23463
ORDER,i want help changing an item of order {{Order Number}},1263
FEEDBACK,can you help me making a claim against your organization?,7857
ACCOUNT,I do not know how  I can reset my access key,20815
REFUND,I am waiting for a reimbursement of {{Currency Symbol}}{{Refund Amount}},26517
INVOICE,help me take a quick look at my bills from {{Person Name}},4902
PAYMENT,can you help me to notify of an error with payment?,18783
PAYMENT,"I have to se what payment methods you accept, I need help",5517
DELIVERY,where do i check how long it takes for my article to arrive,13844
CONTACT,I need assistance contacting somebody,8989
DELIVERY,i need assistance seeing when will my package arrive,13858
DELIVERY,do you deliver to {{Delivery City}} ?,12646
REFUND,I expect an reimbursement of {{Currency Symbol}}{{Refund Amount}},26578
SHIPPING,there are errors submitting the new shipping address,23869
SUBSCRIPTION,need assistance unsubscribing to your newsletter,17380
ORDER,"I have to earn some articles, help me",19226
CANCEL,i need assistance checking the damn cancellation charge,3277
CONTACT,I try to talk with an assistant,9386
REFUND,help to check in which cases can I ask to be refunded,6489
SHIPPING,i have an error trying to edit the address,2850
ORDER,"I can no longer afford order {{Order Number}}, help me cancel it",109
CANCEL,I need assistance to check the goddamn withdrawal charge,3380
ACCOUNT,i need assistance restoring the key of my profile,20215
SHIPPING,what do i have to do to set a secondary delivery address up,23177
ORDER,I need to change some items of order {{Order Number}},1938
ORDER,assistance to check the ETA of the purchase {{Order Number}},25422
ORDER,have a problem with cancelling purchase {{Order Number}},179
CONTACT,see at what time I can get in touch with customer support,8594
PAYMENT,where can i report problems with online payment,18589
CONTACT,assistance to contact goddamn customer support,8876
ACCOUNT,i have got to retrieve the pass of my user prodile,20313
FEEDBACK,is there a method to leave some feedback for a product?,22366
ORDER,I want help to cancel purchase {{Order Number}},864
SHIPPING,i have problems changing my shipping addresw,2689
SUBSCRIPTION,"I have got to receive your company newsletter, how to do it?",17254
PAYMENT,i dont know how i can report a trouble with payments,18183
ORDER,how do i change an item of order {{Order Number}},1805
SHIPPING,where do I set up the shipping address?,23146
ORDER,I want assistance locating purchase {{Order Number}},25049
CANCEL,I do not know how I can see the withdrawal fee,3282
FEEDBACK,assistance to file a claim,7325
ORDER,I need to add some articles to purchase {{Order Number}},1034
CONTACT,"you are not helpful, can you help me to speak to someone?",9185
FEEDBACK,can I leave some feedback about a product?,22416
ORDER,i dont want purchase {{Order Number}} could i cancel it,321
CONTACT,I want to see at what time I can contact customer assistance,8699
DELIVERY,how to see what delivery options you offer?,12657
CONTACT,help me to call customer support,8308
FEEDBACK,need help leaving a comment about your services,22163
INVOICE,need to locate my invoice #37777 how do i do it,4351
PAYMENT,how can i notify of issues with online payment,18165
INVOICE,help to give a quick look at my invoice #85632,4648
CONTACT,I have to contact an operator,9345
CANCEL,want assistance checking the cancellation fees,3550
CANCEL,I have to see the withdrawal fees,3033
SUBSCRIPTION,help me to unsubscribe from the company newsletter,17351
DELIVERY,can i order from {{Delivery Country}},12664
ORDER,need help ordering some products,19787
PAYMENT,want help to  list ur accepted payment options,4983
SUBSCRIPTION,tell me about cancel the corporate newsletter subscription,17761
DELIVERY,assistance seeing what shipment options are available,12724
CONTACT,how do I talk with somebody?,9872
REFUND,I have to see the current status of my reimbursement,25882
PAYMENT,i canr pay can ya help me report issues with online payment,18559
CANCEL,I need help checking the early exit fee,3625
ORDER,order {{Order Number}} current status,25121
DELIVERY,I don't know how I can check what shipping options you offer,12837
PAYMENT,I need assistance to report a trouble with online payments,18649
PAYMENT,will utell me the accepted payment options,4967
SHIPPING,I need assistance with a shipping address update,2787
PAYMENT,I have to check your payment modalities,5053
INVOICE,I do not know what I need to do to download the bill #00108,15835
INVOICE,I don't know what to do ti see my invoice from {{Person Name}},4329
CANCEL,i do not know how i can see the early termination penalties,3798
ORDER,I do not know what I need to do to acquire several products,19754
PAYMENT,I need assistance notifying of a problem with online payment,18349
PAYMENT,inform of payment problems,18087
PAYMENT,help to notify of a payment issue,18830
REFUND,I am waiting for a compensation of {{Refund Amount}} doolars,26374
ACCOUNT,I'm trying to find information about my pin recovery,20232
CANCEL,help me to see the cancellation fee,3688
CONTACT,I am trying to speak to an agent,9206
ORDER,I can't add some items to order {{Order Number}},1293
INVOICE,send me my invoice from {{Person Name}},15654
CANCEL,can I see the termination penalty?,3700
ACCOUNT,help to report problems with registrations,21289
CONTACT,how can i talk with an opertaor,9308
CANCEL,assistance to check the termination fee,3339
SUBSCRIPTION,i need help to cancel the newsletter subscription,17660
DELIVERY,need help to see when my product is gonna arrive,13030
CONTACT,how can I see what hours I cn contact customer support?,8393
SUBSCRIPTION,help me see the status of my subscription to your newsletter,17201
REFUND,what do I have to do to check the status of the rebate?,26370
SUBSCRIPTION,I'd like to unsubscrie to the corporate newsletter help me,16925
REFUND,i cant see the compensation status,26297
CANCEL,assistance checkingthe termination fees,3555
REFUND,i do not know what to do to receive restitutions of money,16698
SUBSCRIPTION,I need help signing up to your newsletter,17275
INVOICE,i cannot find the invoice from {{Person Name}} find it for me,4511
SHIPPING,I'm trying to enter an shipping address,23755
FEEDBACK,can you help me make a customer claim?,7367
PAYMENT,can uhelp me check what damn pamyent options are accepted,5597
CONTACT,I need help calling customer assistance,8282
ACCOUNT,"I have got to open a new bloody {{Account Type}} account, I need help",10721
CANCEL,I need assistance to check the termination charges,3678
CONTACT,"I need to speak to customer assistance, how can I do it?",8025
CANCEL,what do I have to do to check the cancellation charges?,3001
DELIVERY,I am calling to see when will my product arirve,13157
ORDER,assistance to see the ETA of order {{Order Number}},25712
PAYMENT,"the payment failed, where do I notify of errors?",18879
PAYMENT,see your available payment options,5502
INVOICE,I cannot find my invoices from {{Person Name}},4053
SHIPPING,there is an issue setting up the shipping address,23009
INVOICE,getting invoice from {{Person Name}},15526
PAYMENT,where do I see your accepted payment methods?,5804
SHIPPING,I need assistance to enter the new shipping address,23115
FEEDBACK,I don't know how I could file a reclamation,7746
PAYMENT,how to inform of a problem with online payments?,18176
FEEDBACK,is it possible to submit feedback for ur services,22309
REFUND,I have got to request a restitution of my money,16889
PAYMENT,i need assistance to notify of an issue with online payment,18386
ACCOUNT,remove gold account,11545
PAYMENT,where do I check the accepted payment methods?,5623
ORDER,ened help with cancelling purchase {{Order Number}},211
INVOICE,how can i take a quick look at invoice #85632,4662
CANCEL,help me check the early termination penalty,3385
ACCOUNT,where do i notify of issues with signup,21677
FEEDBACK,I do not know how I can file a claim against your business,7722
INVOICE,assistance to look for the bill from {{Person Name}},4225
INVOICE,wanna see my bill from {{Person Name}},4569
INVOICE,where can I check my invoices from {{Person Name}}?,4029
PAYMENT,i need assistance to notify of troubles with payment,18369
FEEDBACK,need to submit my feedback for a service can uhelp me,21889
REFUND,check how long reinbursements usually take,6331
CONTACT,i dont know what i have to do to speak to an operator,9850
ACCOUNT,I have to reset the access key of my profile,19917
REFUND,can ya show me in what cases can i ask for a reimbursement,6681
SUBSCRIPTION,can ya tell me more abuot unsubscribing from ur newsletter,17319
CONTACT,"I have to talk to an assistant, help me",9384
FEEDBACK,how could i leave a goddamn erview about a service,22325
SUBSCRIPTION,I need help canceling my subscription to the newsletter,16950
INVOICE,see invoicefrom {{Person Name}},4598
REFUND,"I want to check my damn rebate status, how do I do it?",26017
SUBSCRIPTION,could you help me receiving the corporate newsletter?,17810
PAYMENT,where could I inform of an issue with online payment?,18219
DELIVERY,assistance to see how soon can I expect my shipment,13246
PAYMENT,could you help me solving troubles with online payment ?,18521
FEEDBACK,I try to make a consumer reclamation,7297
ACCOUNT,help me reset my user pwd,20245
REFUND,in which cases can i ask to be reimbursed,6820
SHIPPING,troubles entering the secondary delivery address,23296
PAYMENT,i want help seeing what payment methods uaccept,5017
CANCEL,help me check the terminatio charges,3845
CANCEL,can you help me to see the early termination fees?,3868
PAYMENT,i do not know how to inform of an error with payments,18364
SUBSCRIPTION,tell me about canceling the subscription to the newsletter,17213
FEEDBACK,i dont know what to do to submit feedback about a service,22489
FEEDBACK,want help to submit some feedback about your services,22729
INVOICE,I don't know what I need to do to download my invoice #00108,15279
DELIVERY,I want to check the methods for delivery,12459
PAYMENT,where to check your payment methods?,5225
SUBSCRIPTION,I want assistance receiving your company newsletter,17420
DELIVERY,can I place an order from {{Delivery City}}?,11934
CONTACT,can I check at what time I can reach customer support?,8125
SUBSCRIPTION,would it be possible to sign up to the newsletter?,17631
PAYMENT,"I have to list the payment modalities, can I get some help?",5767
ORDER,is it possible to acquire several of ur article,19473
ORDER,i try to see the statuis of purchase {{Order Number}},25871
CANCEL,"I have got to see the cancellation charge, can you help me?",3540
REFUND,i have to check how long reimbursements take i need help,6444
INVOICE,"I would like to get the bill from {{Person Name}}, help me",15618
ACCOUNT,I want help canceling my {{Account Type}} account,11525
CONTACT,I want assistance chatting with an operator,9546
REFUND,I am waiting for a restitution of {{Refund Amount}} dollars,26156
CANCEL,show withdrawal fees,3109
REFUND,I need to see if there is anything new on the compensation,26696
ACCOUNT,inform of a registration problem,20987
DELIVERY,I am trying to check how soon can I expct my parcel,13208
CANCEL,is it possible to see the cancellation charges?,3160
PAYMENT,how can i report problems with online payments,18212
PAYMENT,how can I check what bloody payment options you accept?,5172
SHIPPING,i do not know what i need to do to correct my address,2538
ACCOUNT,changing info on {{Account Type}} account,13990
DELIVERY,can you show me how long it takes for the article to arrive?,13771
SHIPPING,need assistance trying to edit my address,2688
FEEDBACK,where can i file a customer complaint agaist ur company,7759
ORDER,want assistance to remove some items from order {{Order Number}},1022
CONTACT,what do I have to do to speak to a live agent?,9294
ORDER,need assistance checking order {{Order Number}} status,25151
DELIVERY,can you help me checking the options for shipment?,12287
CANCEL,"I have got to see the cancellation charge, how to do it?",3751
CONTACT,help me to contact someone,9457
ORDER,"I have to modify purchase {{Order Number}}, I need assistance",1431
ACCOUNT,help to retrieve my user profile pass,20845
ORDER,how can i change purchase {{Order Number}},1886
CONTACT,help to get in touch with customer support,8629
INVOICE,i need assistance downloading the bill from {{Person Name}},15324
SUBSCRIPTION,I need assistance unsubscribing to the newsletter,16905
ORDER,"I bought some article, help canceling order {{Order Number}}",298
SUBSCRIPTION,I need to subscribe to the company newsletter,17879
SUBSCRIPTION,where could I receive the fucking company newsletter?,17409
FEEDBACK,how could I leave a review for your products?,22114
SHIPPING,support setting up my shipoing address,22993
ACCOUNT,open another {{Account Type}} account for mum,10723
SHIPPING,what do i need to do to set up a different shipping address,23584
INVOICE,how can i give a quick look at the invoice #85632,4763
DELIVERY,wanna see what shipment methods i can choose how do i do it,12854
ACCOUNT,can uhelp me notifying of a registration issue,21780
FEEDBACK,help filing a consumer complaint against ur business,7801
SHIPPING,assistance correcting my delivery address,2502
PAYMENT,I need assistance to check what payment options you accept,5129
FEEDBACK,i do not know what to do to lodge a customer reclamation,7828
DELIVERY,can you help me check how oson can I expect the parcel?,13436
CANCEL,I don't know what I need to do to see the termination fees,3806
SUBSCRIPTION,can you help me unsubscribing to the company newsletter?,17729
PAYMENT,i need help to solve problems with online payment,18126
ACCOUNT,open platinum account for wife,9992
CONTACT,how do I check at what time I can call customer assistance?,8220
INVOICE,checking bill #00108,4456
ORDER,help me to change a product of purchase {{Order Number}},1461
SHIPPING,there are errors changin my delivery address,2591
PAYMENT,I want assistance seeing the allowed payment options,5338
SUBSCRIPTION,I want to unsubscribe from your company newsletter,17222
DELIVERY,where to see hwen my delivery is going to arrive?,13520
SUBSCRIPTION,I do not know how to sign up to the corporate newsletter,17618
INVOICE,I want help giving a quick look at invoice #85632,4470
ACCOUNT,need to update my account can i get some help,14166
CONTACT,can i see what hours customer support availabl is,8034
CONTACT,i dont know what to do to chat with an agent,9479
CANCEL,I tryh to check the termination fees,3012
SUBSCRIPTION,how to sign up to your newsletter?,17591
INVOICE,assistance seeing my invoice #12588,4692
ORDER,i want assistance to buy a few of ur article,19732
INVOICE,I do not know what I need to do to get bill #12588,15317
REFUND,need to see in which situations can i ask for refunds,6665
CONTACT,assistance to see what hours i can call customer service,8266
CANCEL,"I cannot find the termination penalty, can I get some help?",3142
FEEDBACK,I want to file a consumer claim against your business,7168
SHIPPING,i want help changing my delivey address,2206
CONTACT,i want assistance chatting with a person,9644
INVOICE,seeing bill from {{Person Name}},4783
ACCOUNT,I cannot retrieve the bloody PIN code of my profile,20569
ORDER,need help with canceling purchase {{Order Number}},23
ACCOUNT,edit standard account,14365
FEEDBACK,I need help to file a customer claim against your business,7673
SHIPPING,set new shipping address up,23792
FEEDBACK,I don't know how I can send some feedback about a product,22365
REFUND,I don't know how I can get a restitution of my money,16265
DELIVERY,I am calling to see how soon can I expect the shipment,13717
ORDER,i cannot see the eta of the order {{Order Number}},25290
CONTACT,chat with assistant,9604
SHIPPING,"I need to set a secondary delivery address up, help me",23178
SUBSCRIPTION,I have got to subscribe to the fucking newsletter,17835
FEEDBACK,how do I lodge a damn consumer reclamation?,7170
DELIVERY,can i check when my bloody shipment is gonna arrive,13264
REFUND,help me  to see in what situations can I ask for a refund,5984
SUBSCRIPTION,I need help to cancel my newsletter subscription,17787
DELIVERY,I want assistance seeing the methods for shipment,12142
PAYMENT,how can I notify of an error with online payment?,17948
INVOICE,check invoices from last month,4129
PAYMENT,"I cannot pay, help me to inform of a problem with payments",18500
ORDER,"I want to see the status of order {{Order Number}}, I need help",25505
CANCEL,wanna see the withdrawal charges how can i do it,3562
SHIPPING,"I entered a wrong shipping address, how do I correct it?",2490
CONTACT,I want help speaking to a person,9397
SUBSCRIPTION,find information about subscribing to your newsletter,17453
FEEDBACK,need help lodging a consumer claim against your organization,6979
FEEDBACK,I have to make a claim against your organization,7184
INVOICE,I do not know what I need to do to look for bill #37777,4664
SUBSCRIPTION,i dont know what i need to do to subscribe to ur newsletter,17846
DELIVERY,can you help me to see when my product is going to arrive?,13249
SHIPPING,I'm trying to correct my shipping address,2632
FEEDBACK,I want help to make a customer complaint,7281
REFUND,help me  to check in what cases can i ask to be refunded,6380
PAYMENT,need assistance to see your accepted payment options,5260
DELIVERY,can I check when will my purchase arrive?,13223
REFUND,i do not know how i can ask for rebates,16459
CONTACT,help me contacting a fucking human agent,8941
FEEDBACK,I want to leave feedback about your services,22155
CANCEL,i have to see the early exit epnalty how to do it,3846
ACCOUNT,correct data on {{Account Category}} account,14224
ORDER,I want assistance acquiring several of your product,19860
SHIPPING,problem entering the shipping address,23196
SUBSCRIPTION,can I receive the company newsletter?,17557
DELIVERY,how could I see how soon can I expect my order?,13830
ACCOUNT,"I never use the standard account, how can I remove it?",11306
INVOICE,mail me the bill from {{Person Name}},15374
DELIVERY,I do not know how to check what delivery methods are there,12144
ACCOUNT,how can I use the gold account?,24244
REFUND,I cannot see the current status of the refund,26584
ACCOUNT,swithcing to gold account,24696
FEEDBACK,can you help me to write a comment for your products?,22375
ACCOUNT,I want information about a {{Account Category}} account cancellation,11241
DELIVERY,how can i get information about the options for delivery,11961
PAYMENT,notify of trouble with online payments,18572
SUBSCRIPTION,I want assistance to sign up to the company newsletter,17767
PAYMENT,where do I see what bloody payment methods are available?,5470
SUBSCRIPTION,I need information about cancel the newsletter subscription,17794
DELIVERY,how do i check what delivery methods are available,12797
CONTACT,i need assistance to speak to an operator,9723
INVOICE,see invoices from {{Person Name}},4628
SUBSCRIPTION,can you help me sign up to the company newsletter?,17498
SUBSCRIPTION,information about signing up to your company newsletter,17488
SUBSCRIPTION,i need help to unsubscribe to the company newsleter,17110
SUBSCRIPTION,i need help subscribing to the corporate newsletter,17416
REFUND,can ya help me receive rebates,16718
ACCOUNT,where to inform of a sign-up error?,21530
CONTACT,check what hours i can get in touch with customer service,8203
DELIVERY,"I have to check what delivery options are there, help me",12855
ACCOUNT,i do not have a {{Account Type}} account ned help creating one,10141
DELIVERY,I'm calling to check whenb will my item arrive,13640
INVOICE,is it possible to give a quick look at the invoice #12588,4494
ACCOUNT,correct info on {{Account Type}} account,14748
CANCEL,can ya help me see the early termination fee,3581
FEEDBACK,where can I lodge a customer reclamation?,7347
SHIPPING,I have issues editing my address,2747
INVOICE,how can I check the fucking bill from {{Person Name}}?,4805
INVOICE,I want assistance to give a quick look at the invoice #37777,4224
ORDER,I do not know what to do to earn several of yoru item,19649
FEEDBACK,can you help me make a claim against your company?,7584
ORDER,need help swapping a item of purchase {{Order Number}},1174
SUBSCRIPTION,how to cancel the subscription to ur company newsletter,17156
FEEDBACK,i want help to file a complaint against ur business,7428
INVOICE,where can i locate my invoices from {{Person Name}},4223
SUBSCRIPTION,wanna nusubscribe from the company newsletter,17830
ORDER,help to see thje ETA of purchase {{Order Number}},25308
DELIVERY,do ya ship to {{Delivery Country}},12319
INVOICE,help to get my bills from {{Person Name}},15133
ORDER,"I have to acquire a bloody item, I need assistance",19257
SHIPPING,y i cannot set up the secondary shipping address valid,23544
INVOICE,i want aswsistance taking a quick look at the invoice #85632,4588
CANCEL,I do not know how to see the withdrawal charges,3045
CONTACT,I need help to speak to someond,9173
DELIVERY,"I have to see the methods for shipping, I need help",12175
CANCEL,is it possible to see the withdrawal charges?,3088
ACCOUNT,have problems with creating a freemium account,10451
SHIPPING,I want help setting up my delivery address,22899
CONTACT,where do I check what hours I can call customer assistance?,8221
SUBSCRIPTION,I want help to unsubscribe to the company newsletter,16961
REFUND,I'm waiting for a compensation of {{Refund Amount}} dollars,26006
CANCEL,how can I check the termination charge?,3481
INVOICE,chck bill from {{Person Name}},4172
SUBSCRIPTION,I want assistance to subscribe to your company newsletter,17610
CANCEL,can you help me see the withdrawal penalty?,3816
INVOICE,"I have to look for my bill #85632, could I get some help?",4207
ACCOUNT,want help opening a {{Account Category}} account,10090
SUBSCRIPTION,I don't know what I have to do to sign up to your newsletter,17063
SUBSCRIPTION,i need assistance to sign up to ur company newsletter,17605
CONTACT,"I don't understand you, how could I chat with a damn person?",9694
CONTACT,I want help to talk with customer support,8145
INVOICE,seeing invoice #85632,4151
FEEDBACK,help me to file a custoer complaint against ur company,7699
SUBSCRIPTION,help me checking the status of my newsletter subscription,17530
INVOICE,i need help to give a quick look at my bills from {{Person Name}},4597
INVOICE,I want help getting bill #85632,15006
SHIPPING,I need help to submit a different shipping address,22915
CONTACT,"I have got to talk with customer service, can you help me?",8828
DELIVERY,I do not know what to do to check the options for shipment,12519
CANCEL,want help seeing the early termination fee,3566
INVOICE,I do not know how I can locate my bills from {{Person Name}},4046
CONTACT,I don't know what I haveto do to speak with customer service,8421
PAYMENT,i dont know how i can report damn issues with payments,18802
CANCEL,I need assistance checkng the early exit penalties,3425
FEEDBACK,icall to file a complaint against ur company,7049
SUBSCRIPTION,I can't receive the company newsletter,17573
SHIPPING,error setting up a damn new shipping address,23549
INVOICE,i need assistance to locate the bills from {{Person Name}},4397
CONTACT,uare not being helpful help me speak to an operator,9369
INVOICE,chck bill from {{Person Name}},4149
INVOICE,checking bill from {{Person Name}},4345
CONTACT,i dont know what i have to do to talk to an assistant,9573
REFUND,what do i have to do to demand reimbursements of my money,16636
DELIVERY,do you deliver to {{Delivery City}}?,12786
FEEDBACK,I am calling to leave my feedback for your products,22338
INVOICE,need assistance finding the bills from {{Person Name}},4473
ORDER,could i delete a item from purchase {{Order Number}},1114
CONTACT,can I talk with an assistant?,9194
FEEDBACK,do ya have an e-mail to submit some feedback for a product,22374
FEEDBACK,I call to  file a claim,7147
SHIPPING,I want assistancee trying to modify my shipping address,2509
CANCEL,can ushow me the cancellation fees,3660
CONTACT,can I speak with an agent?,9297
SHIPPING,where can I get information about changing the address?,2567
INVOICE,i dont know what ihave to do to find my bill #37777,4536
REFUND,I need help to receive restitutions of money,15994
INVOICE,I don't know what to do to locate the involice #85632,4174
CONTACT,how can I check what hours I can reach customer service?,8801
CONTACT,I want to talk with customer support,7979
SHIPPING,I cannotsubmit my shipping address,23141
PAYMENT,can you help me seeing the accepted payment options?,5664
CANCEL,assistance checking the termination fees,3727
SUBSCRIPTION,see the status of my subscription to ur newsleyter,17015
SHIPPING,i have problems trying to edit the delivery address,2577
SUBSCRIPTION,where do I sign up to your newsletter?,17775
DELIVERY,can i place an oeder from {{Delivery City}},12831
ORDER,chnaging order {{Order Number}},1497
SHIPPING,there are problems trying to edit my address,2284
CANCEL,help seeing the termination charges,3248
DELIVERY,i want help to see when will my packag arrive,13886
ACCOUNT,switch to  standard account,24735
ORDER,check status of order,25197
ORDER,I have a problem with canceling purchase {{Order Number}},752
CANCEL,how to see the early exit fees?,3903
DELIVERY,can you show me how soon can I expect the shipment?,13349
ACCOUNT,open {{Account Category}} account for wife,10466
DELIVERY,can you help me to check what methods for delivery I have?,12325
PAYMENT,how can I inform of a trouble with payments?,18449
REFUND,reimbursing {{Currency Symbol}}{{Refund Amount}},16713
FEEDBACK,I need assistance to submit my feedback about your products,22297
REFUND,I have to check in what situations can I request a refund,6113
SHIPPING,"I need to submit a shipping address, can you help me?",23497
ORDER,assistance to see the ETA of purchase {{Order Number}},25073
FEEDBACK,I want assistance to make a customer reclamation,7230
ORDER,i do not know what i have to do to earn some items,19012
SHIPPING,there is an error setting up my shipping address,23171
DELIVERY,can I check what shipping methods I have?,12754
SUBSCRIPTION,I want help unsubscribing from the newsletter,17615
CONTACT,can I contactcustomer assistance?,8367
FEEDBACK,where to leave feedback for a service?,22542
FEEDBACK,where could I send some feedback about a service?,22165
ORDER,can ya help me change a product of purchase {{Order Number}},1978
FEEDBACK,is there a way to submit bloody feedback for a product?,22769
ORDER,canmcel order {{Order Number}},305
CONTACT,I want help speaking to goddamn customer service,8452
PAYMENT,how can i list the allowedd payment options,5038
FEEDBACK,I try to file a  claim,7038
REFUND,I expect an rebate of {{Refund Amount}} dollars,25973
REFUND,assistance checking in which cases can i ask to be refunded,6438
CANCEL,can you show me the withdrawal charge?,3561
DELIVERY,I am trying to see what options for delivery are there,12826
SHIPPING,can ya help me to set the nw shipping address up,23341
ORDER,I need help cancelling order {{Order Number}},229
ACCOUNT,updaing info on {{Account Type}} account,14583
ORDER,i need help earning several articles,19394
INVOICE,I don't know what I have to do to see my bill #00108,4300
CANCEL,what do I have to do to see the early exit fee?,3229
REFUND,show me under which circumstances can I ask to be reimbursed,6095
PAYMENT,I need assistance listing the available payment methods,5805
INVOICE,I have got to find invoice #37777,4128
CONTACT,can ya help me speaking to a person,9091
DELIVERY,help me see how soon can i expect the parcel,13648
ACCOUNT,have a problem with the termination of a {{Account Category}} account,10951
SHIPPING,"the damn shipping address has changed, can I correct it?",2934
DELIVERY,how do I check the methods for shipping?,12522
SHIPPING,i have errors setting the secondary shipping address up,23418
SUBSCRIPTION,i have to cancel my subscription to ur newsletter,17423
DELIVERY,can I see how long it usually takes for the item to arrive?,13284
SHIPPING,can you help me setting up the new shipping address?,23639
CANCEL,want assistance to checkthe termination penalty,3254
REFUND,help seeing in what cases can I request to be refudned,6843
CONTACT,neerd help chatting with a human agent,9642
SHIPPING,I don't know what I need to do to enter the shipping address,23729
PAYMENT,help me check ur allowed payment modalities,5861
ORDER,editing order {{Order Number}},1393
INVOICE,i dont know what to do tgo download the bill #12588,15510
SUBSCRIPTION,i want assistance unsubscribing from the newsletter,17348
ORDER,is it possible to order several of your article?,19322
PAYMENT,need assistance informing of problems with online payment,18644
ORDER,acquire an item,19130
ORDER,where can i acquire an few of ur article,19093
ACCOUNT,how to notify of registration issues?,20970
CONTACT,do you have a toll-free number to contact customer support?,8584
DELIVERY,assistance to check when will my package arrive,13704
REFUND,can i check in which cases can i request reimbursements,6403
DELIVERY,i want help to check the shipping methods,12435
ACCOUNT,editing details on {{Account Type}} account,14587
INVOICE,I do not know what I have to do to look for the bill #12588,4677
ORDER,I don't know what to do to earn some of your item,19616
FEEDBACK,I do not know what I have to do to submit bloody feedback,22118
FEEDBACK,I'm calling to lodge a compaint,7219
REFUND,I expect a refund of {{Refund Amount}} dollars,25875
ACCOUNT,i cant register how could i notify of sign-up issues,21327
ORDER,"I have to edit order {{Order Number}}, how to do it?",1377
ORDER,i dont know wha to do to check the status of order {{Order Number}},25352
SHIPPING,can i submit the secondary delivery address,23279
SHIPPING,can you help me submitting a delivery address?,23316
FEEDBACK,need help submitting bloody feedback for a service,22168
SHIPPING,i have got to set the new deliver address up how do i do it,23329
SHIPPING,error editing shipping address,2106
FEEDBACK,I'm not happy with ur work how do i make a claim,7212
SHIPPING,I want assistance editing the shipping address,2301
SHIPPING,i have put the old address by mistkae help me modifying it,2051
SUBSCRIPTION,assistance seeing the status of my newsletter subscription,16954
INVOICE,mail me bill #37777,15364
ACCOUNT,i cant sign up want assistance to report sign-up problems,21848
PAYMENT,I want help to notify of an issue with payments,18124
INVOICE,i do not know what i have to do to see bill #85632,4703
FEEDBACK,I need help to make a claim,7658
CANCEL,where can i check the early exit charges,3510
CANCEL,i try to see the early exit penalty,3469
INVOICE,"I want to get my invoice from {{Person Name}}, I need help",15854
ORDER,I have problems with canceling purchase {{Order Number}},718
SUBSCRIPTION,i need assistance to subwcribe to ur newsletter,17142
SUBSCRIPTION,where to sign up to the newsleter,17172
ORDER,modifying purchase {{Order Number}},1233
DELIVERY,i need assistance checking how soon can i expect my product,13173
CANCEL,what is the fee for breaking the contract,3243
ORDER,where do I cancel purchase {{Order Number}}?,432
INVOICE,need to download my invoice #37777 will ya help me,15217
DELIVERY,I need to check how long it takes for my shipment to arrive,12904
CONTACT,help me checking at what time I can contact customer support,8532
FEEDBACK,I want help to leave some feedback for a product,22561
ACCOUNT,I have problems with opening my platinum account,10778
REFUND,"I paid {{Currency Symbol}}{{Refund Amount}} for these articles, where do I obtain a rebate?",16787
REFUND,want help to obtain a compensation of money,16437
PAYMENT,where to check what payment payment modalities are available,5270
SUBSCRIPTION,need help receiving ur cororate newsletter,17328
SHIPPING,what do I need to do to  submit a delivery address?,23539
ORDER,I don't know what I need to do to earn some items,19233
PAYMENT,where can I list your accepted payment options?,5329
INVOICE,I call to get my bills from {{Person Name}},15486
DELIVERY,deliveries to {{Delivery Country}},12004
REFUND,can you help me seeing in what cases can I request a refund?,6111
CANCEL,wanna check the termination penalties,3038
FEEDBACK,i need help to leave some feedback about ur services,22308
CANCEL,i need help to check the cancellation penalty,3017
FEEDBACK,want assistance to leave an opinion about a service,22604
ORDER,could I update order {{Order Number}}?,1096
SHIPPING,I need help trying to edit the shipping address,2876
FEEDBACK,I need assistance leaving a review about a service,22819
SUBSCRIPTION,I am trying to cancel my corporate newsletter subscription,16962
SUBSCRIPTION,"I want to unsubscribe to your newsletter, I need help",17421
PAYMENT,where can I report errors with payments?,18257
SUBSCRIPTION,what do I need to do to subscribe to the company newsletter?,17692
ACCOUNT,I want information about opening {{Account Category}} accounts,10474
REFUND,receiving rebate,16765
DELIVERY,i call to check when will my article arrive,12914
PAYMENT,"I can't pay, how do I inform of payment errors?",18425
REFUND,I have to see in what situations can I ask for a refund,6019
DELIVERY,can you help me checking when will my product arrive?,13579
SUBSCRIPTION,where to unsubscribe to your bloody newsletter?,17520
CONTACT,"I have to talk with customer support, I need help",8396
INVOICE,can uhelp me get my damn bill from {{Person Name}},14974
REFUND,help checking in which cases can I ask to be reimbursed,6484
SHIPPING,I have an error editing the delivery address,2065
CANCEL,I am tring to see the early exit penalty,3167
ORDER,track purchase {{Order Number}},25429
CANCEL,I do not know what I need to do to check the withdrawal fees,3446
SHIPPING,"I need to set a damn shipping address up, will you help me?",23011
PAYMENT,how do I list the allowed payment methods?,5223
SUBSCRIPTION,I don't know how I can receive the company newsletter,17868
SHIPPING,my shipping address has changed how can i modify it,2702
INVOICE,I do not know how I could download the bill #00108,15016
ORDER,order anitem,19186
CONTACT,I don't know what I need to do to contact customer service,8147
PAYMENT,want assistance informing of problems with payments,18239
DELIVERY,could i place an orde from {{Delivery Country}},12488
ACCOUNT,can you help me create a {{Account Type}} account?,10259
DELIVERY,can you help me seeing how soon can I expect my parcel?,13042
SHIPPING,there are troubles correcting the shipping address,2524
REFUND,i expect a reimbursement of {{Currency Symbol}}{{Refund Amount}},26107
PAYMENT,list payment emthods,5207
SUBSCRIPTION,"I have got to subscribe to the newsletter, I need assistance",17583
SUBSCRIPTION,I try to cancel my subscription to the corporate newsletter,17155
SHIPPING,i dont know what i have to do to edit my shipping address,2947
REFUND,when am i ovtaining my money back,16797
ACCOUNT,"I never make use of the gold account, help me deleting it",11482
CANCEL,I do not know what to do to see the withdrawal penalties,3234
REFUND,help me see in what cases can I request to be reimbursed,6759
REFUND,"I am waiting for a refund of {{Currency Symbol}}{{Refund Amount}}, has it been porocessed?",26282
FEEDBACK,do you have a section to leave a comment for your company?,22019
SHIPPING,problems setting a new delivery address up,23117
REFUND,i expect a compensation of {{Refund Amount}} dollars,26529
SHIPPING,what do I need to do to set the delivery address up?,23537
ACCOUNT,give me information about {{Account Type}} account cancellations,11014
REFUND,what do i need to do to ask for a rebate of money,16668
INVOICE,I want assistance locating the invoices from {{Person Name}},4698
SUBSCRIPTION,"I havve to sign up to the newsletter, I need assistance",17668
SHIPPING,the secondary shipping address is invalid,23551
DELIVERY,i need help to check how soon can i expect the order,13178
SUBSCRIPTION,I want assistance to sign up to the newsletter,17738
REFUND,where to see if there are any updates on my compensation,26051
REFUND,how do I check if there are any updates on my rebate?,26058
ACCOUNT,help using the {{Account Type}} profile,24059
FEEDBACK,is there an e-mail to leave a review for a service,22491
ORDER,where to cancel purchase {{Order Number}},93
INVOICE,find the invoices from {{Person Name}},4725
SHIPPING,i need help chanigng the shipping address,2594
PAYMENT,assistance to see your allowed payment options,5445
SUBSCRIPTION,tell me about subscribing to your corporate newsletter,17189
CONTACT,I need help speaking to an agent,9148
DELIVERY,"I need to see what shipment options are available, help me",12316
ORDER,I do not know what I need to do to purchase several items,19811
PAYMENT,i need assistance checkign ur allowed payment methods,5165
DELIVERY,where to see what delivery options uoffer,12247
INVOICE,what do I have to do to get the invoice from {{Person Name}}?,15708
CONTACT,I have to check what hours I can reach customer assistance,8170
SUBSCRIPTION,where to unsubscribe from the corporate newsletter,17572
CANCEL,how can I checkthe cancellation charges?,3264
CONTACT,I need help chatting with an operator,9400
SHIPPING,can utell me more about modifying my delivery address,2588
SHIPPING,there is an issue entering another delivery address,23398
ACCOUNT,change to premium acount,24275
ACCOUNT,where to notify of problems with sign-up?,21771
SUBSCRIPTION,need assistance cancelling my subscription to ur newsletter,17515
ACCOUNT,I want help to reset the password of my user,20302
ACCOUNT,i dont know how i could inform of an error with signup,21193
ACCOUNT,I don't know what I have to do to remove a damn gold account,11847
CONTACT,do you have a number to contact goddamn customer assistance?,8498
SUBSCRIPTION,I need to sign up to your company newsletter,17853
SHIPPING,i dont know how i can enter a secondary shipping address,23283
PAYMENT,want help to check ur payment methods,5351
INVOICE,where to download my bills from {{Person Name}}?,15188
REFUND,where could I see if there is anything new on my refund?,26318
CONTACT,speaking with assistant,9172
DELIVERY,I need assistance checking how soon can I expect my delivery,13353
ORDER,edtiing order {{Order Number}},1417
ACCOUNT,how could I inform of a sign-up issue?,21726
DELIVERY,can you help me checking what shipping options I have?,12210
SHIPPING,I try to change the delivery address,2339
FEEDBACK,I want to make a customer claim,7513
FEEDBACK,i have got to file an complaint,7688
DELIVERY,help to check what shipment options are there,12299
CONTACT,I ned to speak to customer service,8038
CANCEL,i cannot find the cancellation fees,3586
REFUND,could I see in what cases can I ask for a refund?,5962
ORDER,update purcahse {{Order Number}},1912
ACCOUNT,howdo i use the gold account,24284
SUBSCRIPTION,"I need to receive the company newsletter, how to do it?",17193
CONTACT,what do I have to do to talk with bloody customer support?,8330
SUBSCRIPTION,I cannot unsubscribe to your newslettewr,16971
REFUND,i expect a reimbursxement of {{Currency Symbol}}{{Refund Amount}},25987
CANCEL,"I have to see the early termination charge, can you help me?",3579
FEEDBACK,want help to make an claim against ur organization,7507
SUBSCRIPTION,can you help me unsubscribing from your company newsletter ?,17194
REFUND,where to demand reimbursements of money?,16479
FEEDBACK,i dont know what to do to submit feedback for a service,22201
CANCEL,I need help to check the early exit penalty,3526
FEEDBACK,I want to send some feedback for a product,22611
SHIPPING,"I want to enter the delivery address, how to do it?",23399
FEEDBACK,customer reclamation against your organzation,7125
REFUND,assistance seeing your money back policy,5968
ACCOUNT,where do I restore the PIN of my user account?,20847
CANCEL,check cancellation fee,3897
INVOICE,I don't know how I could download my invoice #00108,15080
CANCEL,i do not know how to check the early termination fee,3186
INVOICE,want help getting my invoice #85632,15664
ORDER,i do not know what to do to cancel purchase {{Order Number}},555
FEEDBACK,I have to make a claim,6943
INVOICE,what do i have to do to give a quick look at my bill #00108,4216
PAYMENT,assistance seeing your allowed payment methods,5432
ACCOUNT,I am trying to recover my user profile PIN,20593
FEEDBACK,I want help filing a customer complaint,7396
ORDER,I have a question about correcting order {{Order Number}},1027
ORDER,how to check the status of purchase {{Order Number}}?,25859
SHIPPING,I need assistance submitting my secondary delivery address,23321
FEEDBACK,can you help me write a comment for your products?,22232
FEEDBACK,want help to write an opinion about a product,22395
INVOICE,I do not know what to do to look for the bill #00108,3947
DELIVERY,where could I see when will my purchase arrive?,13714
ACCOUNT,create gold accountfor wife,10655
ORDER,"I want to see the ETA of my order, could you help me?",25091
ORDER,assistance to delete something from purcahse {{Order Number}},1221
ACCOUNT,I don't know how I could report a problem with registrations,21556
SHIPPING,I do not know what to do to modify my shipping address,2094
FEEDBACK,want help making a claim against ur organization,7685
CONTACT,I don't know what I need to do to chat with an operator,9520
CANCEL,"I nede to see the early exit fees, how can I do it?",3682
CANCEL,nded to check the termination penalties how to do it,3861
ACCOUNT,i olst my pin code can ya help me retrieve it,20370
CANCEL,i have to check the cancellation penalty,3546
ACCOUNT,update information on {{Account Category}} account,14516
CANCEL,what are the fees for canceling the contract?,3635
PAYMENT,want help solving issues with online payment,18459
DELIVERY,where do I see when my item is going to arrive?,13395
SUBSCRIPTION,i do not know what to do to receive the corporate newsletter,17889
CANCEL,is it possible to check the termination charge?,3832
CONTACT,I need help talking with customer service,8336
CONTACT,where to see what hours i can reach customer service,8759
PAYMENT,want assistance solving an error with payment,18874
REFUND,i expect a damn restitution of {{Refund Amount}} dollars was it processed,26291
PAYMENT,can ya help me to notify of an error with online payment,18327
ACCOUNT,"I need to open a new fucking standard account, help me",10794
FEEDBACK,"I need to file a customer reclamation, how do I do it?",7659
DELIVERY,check the available options for shipping,12391
ORDER,wanna modify purchase {{Order Number}},1491
CONTACT,"you aren't helpful at all, help me speaking to a person",9389
ORDER,want assistance to cancel order  {{Order Number}},32
PAYMENT,help informing of a problem with online payments,18703
CONTACT,help me chat with someone,9379
SHIPPING,i have a trouble entering a secondary shipping address,23533
REFUND,what si your money back guarantee?,6349
ACCOUNT,i do not know what to do to reset my access key,20615
SUBSCRIPTION,i have to receive the corporate newsletter could ya help me,17808
CANCEL,I don't know what to do to see the cancellation fee,3912
ACCOUNT,recover the PIN code of my account,20485
INVOICE,how do I download my bills from {{Person Name}}?,15184
ORDER,assistance to shop several articles,19674
ORDER,Iwant assistance canceling order {{Order Number}},871
SHIPPING,"I have to enter my new delivery address, could you help m?",23235
SUBSCRIPTION,can utell me about the corporate newsletter subscription,17113
ORDER,showing me estimated time of arrival of purchase {{Order Number}},24916
CANCEL,how could I check the goddamn termination fee?,3356
REFUND,check refund status,26009
DELIVERY,can i place an order frim {{Delivery Country}},12203
REFUND,I do not know how I can obtain rebates of my money,16543
SHIPPING,can you help me enter a different shipping address?,23216
ORDER,I need assistancde cancelling order {{Order Number}},70
ACCOUNT,need assistance retrievign my user password,20540
PAYMENT,could you help me listing the allowed payment modalities?,5151
PAYMENT,how t see the allowed payment methods,5569
ACCOUNT,new platinum acount for wife,10209
CANCEL,I need assistance to check the early exit penalty,3474
REFUND,I want assistance to receive restitutions of money,16227
ORDER,I do not know what to do to earn some items,18964
CANCEL,where can I see the termination charge?,3748
FEEDBACK,assistance writing a comment for your products,22178
FEEDBACK,i call to leave some feedack,22246
CONTACT,i have to call customer assistance how to do ti,7943
DELIVERY,I want to know more about shipping periods,13746
REFUND,I expect a refund of {{Currency Symbol}}{{Refund Amount}},26734
INVOICE,need to get the invoicefrom {{Person Name}} can i get some help,15627
FEEDBACK,I try to lodge a customer reclamation,7153
ACCOUNT,i no lomger need my damn gold account can uhelp me delete it,11815
INVOICE,i cannot find bill #85632 can usendit to me,15091
INVOICE,"I lost my invoices from {{Person Name}}, find them for me",4286
REFUND,I don't know how I can ask for a reimbursement,16089
DELIVERY,"I have to see the shipping options, could I get some help?",12385
INVOICE,I need assistance to get my invoice from {{Person Name}},15069
PAYMENT,how do I report a problem with payments?,18722
CONTACT,I cannot speak with an assistant,9188
SUBSCRIPTION,need help to receive ur company newsletter,16991
FEEDBACK,I want assistance to leave feedback about a product,22578
REFUND,i cannot check if there is anything new on the rebate,26418
ACCOUNT,change to {{Account Category}} account,24443
DELIVERY,how can I see how long it takes for the package to arrive?,13402
ORDER,"I need to add a product to purchase {{Order Number}}, help me",1106
ORDER,I am trying to oredr several of your article,19314
CANCEL,I can't find the early terminatuon penalty,3538
FEEDBACK,"I want to file a customer reclamation, can I get some help?",7042
ACCOUNT,i need assistance restoring my pin,20581
REFUND,can I see in what situations can I request to be reimbursed?,6173
ACCOUNT,how to use the {{Account Type}} account?,24436
ORDER,problems with correcting order {{Order Number}},1564
INVOICE,how can i locate invoice #12588,4689
PAYMENT,need assistaance to see the accepted payment methods,5783
REFUND,i do not know what i have to do to get my money back,15899
SHIPPING,supports editing the address,2514
DELIVERY,help me check how soon can I expect my order,13585
ORDER,checking order {{Order Number}} current status,25735
FEEDBACK,i have got to file a claim against ur business,7629
ORDER,"I no longer want order {{Order Number}}, I would like to cancel it",755
FEEDBACK,lodge customer complaint against your business,7594
FEEDBACK,can ya help me to leave a review about a esrvice,22382
SUBSCRIPTION,ineed assistance receiving ur company newsletter,17824
SUBSCRIPTION,how do I cancel the subscription to the newsletter?,17544
INVOICE,I don't know what I need to do to download my invoice #12588,15825
REFUND,i dont know what to do to obtain my money back,16750
ORDER,i have problems with canceling order {{Order Number}},196
ORDER,can you help me cancelling purchase {{Order Number}}?,149
DELIVERY,d uship to {{Delivery City}},12535
CONTACT,i try to speak with someone,9298
SUBSCRIPTION,assistance receiving the company newsletter,17185
ORDER,is it possible to shop some of your item?,19030
PAYMENT,wantr help to solve issues with payment,18128
INVOICE,getting invoice #12588,15679
DELIVERY,need help checking what shipment options I have,12249
FEEDBACK,I am trying to lodge a customer complaint,7593
ORDER,need to change order {{Order Number}} how to do it,1001
SUBSCRIPTION,how to subscribe to the newsletter?,17411
CANCEL,where do i check the withdrawal fees,3299
FEEDBACK,i dont know what i need to do to send some feedback,22195
REFUND,i paid {{Currency Symbol}}{{Refund Amount}} for this purchase i try to receive a rebate,16732
FEEDBACK,i do not know what to do to leave an opinion for a product,22813
INVOICE,I need assistance downloading invoice #85632,15158
CANCEL,I need to see the cancellation fees,3408
CANCEL,i want help tosee the withdrawal fee,3218
ACCOUNT,where to recover the key of my user,20745
PAYMENT,I need help to see the accepted paayment options,5128
ACCOUNT,remove {{Account Type}} account,11396
ORDER,can uhelp me swappping a product of purchase {{Order Number}},1717
SUBSCRIPTION,can you tell me about my newsletter subscription?,17258
SHIPPING,"I have got to set a shipping address up, how can I do it?",23866
CANCEL,"I have to see the early termination fees, help me",3913
SUBSCRIPTION,how to subscribe to the corporate newsletter,17108
SHIPPING,I need assistance trying to change my address,2251
DELIVERY,do you deliver to {{Delivery City}}?,12338
PAYMENT,I am trying to check the accepted payment modalities,5262
ACCOUNT,I need assistance to delete the standard account,11782
SUBSCRIPTION,give me information about signing up to your newsletter,17434
SHIPPING,I want assistance correcting the delivery address,2736
CONTACT,i need assistance to speak with a live agent,9632
PAYMENT,i need help reporting problems with online payment,18824
ACCOUNT,modify info on {{Account Category}} account,14484
SUBSCRIPTION,I need help cancelling my company newsletter subscription,17465
INVOICE,need assistance to find the fucking invoices from {{Person Name}},4334
CONTACT,I don't know how to speak with a humnan agent,9426
ACCOUNT,create freemium account,10457
CONTACT,assistance chatting  with a live agent,9731
ORDER,"I have got to order some items, can you help me?",19659
CONTACT,I don't know what I have to do to speak to somebody,9163
REFUND,help seeing your money back  policy,6091
ORDER,i dont know how to check the eta of purchase {{Order Number}},25570
SUBSCRIPTION,"I have got to unsubscribe to the newsletter, how do I do it?",17832
ACCOUNT,modifying details on platinum account,14014
PAYMENT,i do not knwo how to see the payment methods,5437
CONTACT,I have to talk with a person,9633
ACCOUNT,can you help me switching to the pro account?,24047
DELIVERY,i want assistance seeing howlong the shipment takes,13467
INVOICE,I need help to find my invoice #12588,4517
DELIVERY,can i order from {{Delivery City}},12369
FEEDBACK,"my experience with you was too bad, lodge a complaint",7660
REFUND,i need help to receive fucking compensations,16576
SHIPPING,i dont know what to do to correct the delivery address,2626
SHIPPING,I need support updating the delivery address,2571
REFUND,i expect an refund of {{Refund Amount}} dollars was it processed,26544
SUBSCRIPTION,i do not know how i can receive ur corporate newsletter,17428
DELIVERY,i need help to see how soon can i expect the parcel,13065
PAYMENT,help me report problems with online payment,18481
DELIVERY,can I order from {{Delivery Country}}?,12703
CANCEL,how do I check the termination charge?,3177
INVOICE,where can I give a quick look at invoice #37777?,4169
ACCOUNT,I want help creating a new damn standard account,9936
DELIVERY,deliveries to {{Delivery City}},12453
CANCEL,"I need to check the termination charge, how to do it?",3491
ACCOUNT,can you help me recover my account PIN code?,19899
PAYMENT,help me see your allowed payment modalities,5174
ORDER,i do not know how to cancel order {{Order Number}},534
CANCEL,need assistance seeing the withdrawal penalty,3064
SHIPPING,i want assistance to set up the new delivery address,23670
ACCOUNT,"I no longer need the user, can I remove it?",11334
ORDER,help me checking purchase {{Order Number}} current status,25629
INVOICE,"I have to find the damn bill from {{Person Name}}, help me",4750
DELIVERY,I am trying to see when my package is going to arrive,13523
FEEDBACK,how tolodge a customer complaint,7266
INVOICE,can I download my invoice from {{Person Name}}?,15353
CANCEL,I don't know how I could see the cancellation fees,3572
REFUND,i dont know how to see ur goddamn money back guarantee,6412
REFUND,reimbusre {{Currency Symbol}}{{Refund Amount}},16592
FEEDBACK,assistance to make a customer claim agaisnt ur organization,7565
PAYMENT,I don't know what to do to inform of a problem with payment,18852
FEEDBACK,I am trying to leave a goddamn comment for a product,22355
ORDER,can i swap a product of purchase {{Order Number}},1840
DELIVERY,assistance to check what delivery options are there,12273
SHIPPING,where do I submit the new shipping address?,23478
DELIVERY,do you edliver to {{Delivery Country}}?,12136
PAYMENT,list your accepted payment options,5286
SUBSCRIPTION,need help signing up to the newsletter,16965
SHIPPING,i have got to set u a bloody delivery address i need help,23695
REFUND,I do not know what I need to do to see my rebate status,26651
SHIPPING,need help to set my delivery address up,23326
INVOICE,I need assistance downloading the invoice from {{Person Name}},15390
DELIVERY,help to see how soon can i expect my product,13889
REFUND,see in which situations can I request to be reimbursed,6396
ACCOUNT,create {{Account Category}} account,10134
SHIPPING,issue changing shipping address,2207
ORDER,check order {{Order Number}} current status,24984
DELIVERY,help to see when my purchase is going to arrive,13023
CONTACT,I want to speak with customer esrvice,8153
PAYMENT,how can I report payment errors?,18455
INVOICE,I have to locate my invoice #37777,3974
ACCOUNT,need assistance notifying of an issue with sign-up,21140
FEEDBACK,where could I file a consumer claim against your company?,7898
ORDER,I need assistance canceling order {{Order Number}},787
INVOICE,is it possible to find my bill from {{Person Name}}?,4425
PAYMENT,want assistance notifying of problems with online payment,18883
DELIVERY,do ya deoiver to {{Delivery City}},12332
SUBSCRIPTION,I would like to unsubscribe to the company newsletter,17175
CONTACT,want assistance to speak to a live agent,9356
ACCOUNT,give me information about the deletion of my {{Account Type}} account,11522
ACCOUNT,need help touse the freemium account,24480
PAYMENT,how to report an error with online payments,18686
SHIPPING,can you tell me more about changing the address?,2064
SHIPPING,help me modifying the adress,2529
PAYMENT,seeing accepted payment modalities,5536
ACCOUNT,updating premium accojnt,14206
CANCEL,I don't know how to see the early exit charges,3711
FEEDBACK,want help to lodge a customer complaint,7023
FEEDBACK,"I have got to submit feedback for a service, how to do it?",22565
INVOICE,I want help taking a quick look at bill #85632,4356
REFUND,"I have to see in what cases can I request refunds, help me",6706
CONTACT,I don't know how I can talk wirh someone,9186
SUBSCRIPTION,need help cancelling the subscription to ur newesletter,17032
FEEDBACK,I need to lodge a customer claim against your business,7694
CONTACT,want help talking to customer service,7970
SHIPPING,I have a trouble changing my delivery address,2232
ORDER,I can't afford order {{Order Number}},461
FEEDBACK,how to file an reclamation?,6983
CANCEL,I want help to check the early termination penalties,3867
REFUND,"I have paid {{Currency Symbol}}{{Refund Amount}} for this item, help me to obtain a rebate",16880
CANCEL,I have got to see the cancellation charge,3348
SUBSCRIPTION,give me inormation about my subscription to your newsletter,17669
SHIPPING,I can't update my address,2183
FEEDBACK,need asistance filing a consumer claim against your business,7496
PAYMENT,how can i see the accepted payment modalities,5880
FEEDBACK,I do not know how I can file a claim,7779
FEEDBACK,i want help sending some feedback about a product,22219
FEEDBACK,how do i make a consumer reclamation against ur business,7466
REFUND,I do not know what I need to do to ask for a compensation,15954
INVOICE,get bill fromAnna Freeman,15435
REFUND,"I have got to see how long refunds take, I need help",6424
FEEDBACK,need assistance to write a review about a service,22700
ORDER,how do I purchase several of your product ?,19270
SHIPPING,i have anissue modifying my address,2228
REFUND,help me to obtain rebates  of money,16438
REFUND,I don't know how I can ask for restitutions of my money,15935
FEEDBACK,ya have a method to send a comment about a product,22172
ACCOUNT,help me to report an issue with signup,21839
ACCOUNT,help me informing of a problem with signup,21002
SHIPPING,I need supports correcting the shipping address,2349
REFUND,i dont know how to receive a refund of my money,16761
PAYMENT,payment issues,18093
CONTACT,what do I have to do to contact a person?,9679
SHIPPING,supports trying to modify theaddress,2246
CONTACT,what do i need to do to talk to someone,9048
ACCOUNT,update data on freemium account,14380
DELIVERY,I don't know what to do to see how soon can I expect my item,13139
DELIVERY,assistance to check hw soon can i expect the order,13011
INVOICE,what do I need to do to download my bills from {{Person Name}}?,15129
INVOICE,i dont know how i can download my invoice #85632,15330
FEEDBACK,"I need to send some feedback for a service, how do I do it?",22625
SUBSCRIPTION,ya have newsletter,16981
INVOICE,download bills from {{Person Name}},14939
SUBSCRIPTION,i need help unsubscribing to the newsletter,17429
SHIPPING,problems setting up the delivery address,23765
ACCOUNT,correcting info on {{Account Category}} account,14529
FEEDBACK,I want to lodge a consumer reclamation against your company,7220
ACCOUNT,i need assistance changing to the {{Account Type}} account,24692
ACCOUNT,what do i have to do to delete the {{Account Category}} account,11132
ORDER,i do not know what to do to purchase several of ur product,19650
SUBSCRIPTION,i do not know how to unsubscribe to ur corporate newslegter,17634
FEEDBACK,can you help me file a customer claim?,7433
DELIVERY,I try to see what shipment options are available,12321
CANCEL,I have got to see the early exit fee,3564
REFUND,I have to see in which cases can I ask to be refunded,6612
CONTACT,wanna contact damn customer service i need help,8659
PAYMENT,help to solve an error withonline payments,18153
CANCEL,seeing cancellation fees,3650
ORDER,I want assistance earning some of your product,18969
DELIVERY,help me seeing how soon can i expect the product,13498
INVOICE,need to give a quick look at invoice #37777 how to do it,4262
ORDER,i do not know how i can cancel purchase {{Order Number}},33
DELIVERY,do ya ship to {{Delivery Country}},12040
CONTACT,need to contact customer service how do i do it,8593
DELIVERY,"I have to see how soon can I expect the item, help me",12906
CONTACT,help me seeing what hours I can call customer service,8352
INVOICE,I don't know how I can check my bill #37777,4234
INVOICE,I want assistance to download the damn bill from {{Person Name}},15282
REFUND,assistance to check in what situations acn I request refunds,5961
DELIVERY,is it possible toorder from {{Delivery City}},12016
CANCEL,I want assistance to check the early exit penalty,3705
FEEDBACK,can I make a customer reclamation?,7025
FEEDBACK,I need help leaving my fucking feedback about a product,22379
PAYMENT,can ya help me see the accepted payment modalities,5452
PAYMENT,help solving a trouble with online payment,18320
ORDER,i do not know what to do to acquire some of ur article,19527
REFUND,help me see in which situations cani ask to be refunded,6746
FEEDBACK,do you have a method to submit a review for your services?,21938
ACCOUNT,correct details onGold account,14136
CONTACT,assistance to talk to customer service,8496
SUBSCRIPTION,"I would like to subscribe to your newsletter, how to do it?",17144
INVOICE,mail me the bills from {{Person Name}},15191
SUBSCRIPTION,"I need to unsubscribe from the newsletter, can yyou help me?",17688
CONTACT,can ya help me speaking with an assistant,9368
FEEDBACK,I have to leave my feedback for a product,22448
ORDER,would you give me information about cancelling orders?,166
SUBSCRIPTION,i want assistance canceling the newslettersubscription,17216
FEEDBACK,I don't know how to write a review about a service,22571
CONTACT,how could I see what hours I can call customer assistance?,8281
PAYMENT,I try to check the payment modalities,5832
SHIPPING,ido not know how i can submit the new shipping address,23564
ACCOUNT,I want assistance to retrieve my access key,20342
PAYMENT,show me ur accepted payment methods,5698
DELIVERY,I don't know how to check the goddamn shipment methods,12584
PAYMENT,wanna list the bloody accepted payment options how to do it,5029
SUBSCRIPTION,how can I cancel my subscription to your neswletter?,17266
REFUND,I expect a restitution of {{Refund Amount}} dollars,26269
DELIVERY,where do i see how soon can i expect my shipment,13811
SHIPPING,i need help trying to correct my shipping address,2234
ACCOUNT,i need help to cancel a freemium account,11071
INVOICE,i want assistance getting the bill #37777,15179
SUBSCRIPTION,can you help me subscribe to your newsletter?,17743
FEEDBACK,I want assistance filing a customer claim,7126
CANCEL,i need assistance seeing the termination fees,3788
CONTACT,assistance checking what hours I can call customer service,8800
ACCOUNT,information about the termination of my {{Account Category}} account,11157
PAYMENT,I am trying to notify of problems with online payment,18406
SHIPPING,"I would like to set the shipping address up, I need help",23232
ACCOUNT,I need information about the termination of a pro account,11547
REFUND,I have to see in which cases can I ask to be reimbursed,6445
REFUND,help me to see your goddamn refund policy,6829
SUBSCRIPTION,company newsletter subscription,17343
CANCEL,i do not know what i have to do to check the cancellation fe,3133
SHIPPING,could you tell me about changing my delivery address?,2215
SHIPPING,"I have got to submit the secondary shipping address, help me",23613
INVOICE,give a quick look at the invoice #12588,4400
REFUND,i expect a compensation of {{Refund Amount}} dollars was it processed,26775
PAYMENT,list the allowed payment modaliites,5046
ACCOUNT,I need information about the termination of my pro account,11320
REFUND,want help receiving compensations,16187
CONTACT,help me see at what time i can call customer support,8165
SUBSCRIPTION,"I want to unsubscribe to your corporate newsletter, help me",16967
DELIVERY,I need assistance seeing how soon can I expect the package,13374
PAYMENT,I would like to inform of troubles with online payments,18603
ORDER,I am trying to edit orde {{Order Number}},1832
CONTACT,i want help talking to an operator,9903
REFUND,I want to check your reimbursement policy,6907
FEEDBACK,do you have a method to send some feedback for a product ?,22055
REFUND,need help to see in what cases can I request my money back,6356
ORDER,help me checking the status of purchase {{Order Number}},25186
CANCEL,I have to see the early exit fee,3410
ACCOUNT,correcting info on premium account,14794
REFUND,I need to check the current status of the reimbursement,26831
CANCEL,I cannot find the early termination charge,3286
FEEDBACK,I want help to leave fucking feedback for your services,22066
SHIPPING,i need assistance setting up a different shipping address,23227
REFUND,I have got to know if there are any news on my compensation,26054
INVOICE,see bill from {{Person Name}},4832
ACCOUNT,delete gold acvount,11463
PAYMENT,I don't know how to see your allowed payment modalities,5622
ORDER,could uhelp me switch  some articles of order {{Order Number}},1662
CANCEL,how to see the cancellation penalty,3698
DELIVERY,is it possible to place na order from {{Delivery Country}},12211
ACCOUNT,"I can't register, inform of signup problems",21440
DELIVERY,can you help me to check how soon can I expect my item?,13572
FEEDBACK,I want to oldge a claim against your business,7013
CONTACT,"I have to contact customer support, I need assistnace",8124
ACCOUNT,where to notify of errors with sign-up?,21151
ORDER,checking status of order {{Order Number}},25063
REFUND,can uhelp me demanding a rebate,16439
ORDER,i cant add an article to order {{Order Number}},1973
CONTACT,what time can I reach customer support?,8694
PAYMENT,wanna see  the payment methods help me,5500
REFUND,how do I get compensations?,16814
DELIVERY,want help seeing how long it takes for my order to arrive,13724
PAYMENT,need help to check ur payment methods,4947
INVOICE,I do not know how I can download the invoices from {{Person Name}},15354
CANCEL,i have to sede the cancellation charge,3107
REFUND,how do I see the status of the reimbursement?,26736
CANCEL,assistance seeing the termination penalty,3105
PAYMENT,where can I list the payment options?,5456
PAYMENT,need assistance solving problems with payment,18758
CANCEL,I'd like tro check the withdrawal fees,3785
INVOICE,need help downloading the invoices from {{Person Name}},14928
FEEDBACK,I do not know what I need to do to file a customer complaint,7484
CANCEL,I do not know what to do to see the withdrawal fee,3040
CANCEL,"I have to check the withdrawal fee, can you help me?",3904
REFUND,I need to see how long reimbursements take,6171
SUBSCRIPTION,I have got to subscribe to the corporate newsletter,17693
SUBSCRIPTION,how do I subscribe to your newsletter?,17161
REFUND,help to check in what situations can I request reimbursments,6460
CANCEL,help seeing the withdrawal fee,3458
SUBSCRIPTION,assistance subscribing to your newsletter,17320
CONTACT,i do not kniw what i need to do to speak with a human agent,9899
REFUND,help me to see in which cases can I request a reimbursement,6061
PAYMENT,I don't know how I can list the accepted payment methods,5340
CANCEL,can you shlw me the termination charges?,3126
ACCOUNT,how could I notify of errors with a sign-up?,21169
CANCEL,"I can't find the early exit penalty, will you help me?",3754
ORDER,I want help to change purchase {{Order Number}},1448
ORDER,I want help to order an article,19254
SUBSCRIPTION,where could I sign up to your fucking company newslettrer?,17796
CANCEL,I do not know how to check the cancellation  penalties,3673
SUBSCRIPTION,can uhelp me subscribe to ur newsletter,17104
CONTACT,i cannot talk with a operator,9904
INVOICE,download bill from {{Person Name}},15331
FEEDBACK,I want help to send my feedback about your services,22353
CANCEL,help me check the cancellation charge,3823
FEEDBACK,would it be possible to file a damn customer reclamation?,7819
FEEDBACK,i do not know how to file a customer complaint,7671
INVOICE,send me bill #85632,15857
PAYMENT,help to see your accepted payment modalities,5677
CANCEL,I want assistance seeing the bloody cancellation fee,3050
CANCEL,I do not know how to see the early termination penalty,3450
REFUND,I want to see how long refunds take,6010
SUBSCRIPTION,help me cancel the subscription to your company newsletter,17327
DELIVERY,where can I see how long the shipment takes?,13477
FEEDBACK,i want help writing a comment for a serrvice,22263
SHIPPING,I want support chanigng my delivery address,2302
FEEDBACK,I need help lodging an reclamation against your company,7165
PAYMENT,I want assistance to solve a problem with payment,18622
ACCOUNT,i need help notifying of problems with a signup,21595
SUBSCRIPTION,help me  subscribe to your newsletter,17471
REFUND,I need assistance receiving compensations of my money,16369
CANCEL,see early exit penalties,3027
INVOICE,I want assistance checking my invoice #37777,4710
ACCOUNT,I need help retrieving my goddamn account password,20167
SUBSCRIPTION,I cannot cancel the corporate newsletter subscrition,17483
REFUND,check under which circumstances can I ask for refunds,6875
INVOICE,need hepl looking for my invoices from {{Person Name}},4312
SUBSCRIPTION,i cannot unsubacribe to ur company newsletter,17417
PAYMENT,I need assistance to see your accepted payment options,5188
REFUND,I want assistance to see the status of the compensation,26286
ACCOUNT,can you help me resetting my key?,20724
DELIVERY,"I have to check when will my package arrive, I need help",13190
CONTACT,help checking what hours I can contact customer assistance,8908
PAYMENT,support regarding online pamyent,18230
DELIVERY,how do i see when will my purchase arrive,13551
PAYMENT,I want help notifying of an error with online payment,18711
SUBSCRIPTION,I need to receive thecorporate newsletter,17331
DELIVERY,where can i check how soon cn i expect my shipment,13082
CANCEL,help checking the early exit charges,3449
DELIVERY,help me see what damn shipment methods are available,11974
CONTACT,uhave a free of charge number to talk with customer support,8490
CONTACT,i have to speak to an assistant,9332
ACCOUNT,watn assistance removing a standard account,10955
SUBSCRIPTION,need help singing up to the company newsletter,17709
INVOICE,i do not know how i can download my invoices from {{Person Name}},15246
SUBSCRIPTION,could ya help me to cancel my newsletter suscription,17805
SHIPPING,i have an issue setting an different shipping address up,23358
